,sales_id,product_id,qty,price,subtotal
0,3,1,3,50000,150000
1,3,2,2,100000,200000
2,3,3,1,200000,200000
3,4,1,3,50000,150000
4,5,1,4,50000,200000
5,5,2,2,100000,200000
6,5,3,2,200000,400000
7,6,1,3,50000,150000
8,6,2,2,100000,200000
9,6,3,4,200000,800000
10,7,1,3,50000,150000
11,7,2,5,100000,500000
12,7,3,3,200000,600000
13,9,1,4,50000,200000
14,10,1,1,50000,50000
15,10,2,4,100000,400000
16,11,1,1,50000,50000
17,11,2,1,100000,100000
18,12,1,2,50000,100000
19,12,2,1,100000,100000
20,13,1,1,50000,50000
21,13,2,1,100000,100000
22,13,3,4,200000,800000
23,14,1,1,50000,50000
24,16,1,2,50000,100000
25,16,2,1,100000,100000
26,17,1,4,50000,200000
27,17,2,3,100000,300000
28,17,3,1,200000,200000
29,20,1,3,50000,150000
30,20,2,3,100000,300000
31,23,1,2,50000,100000
32,23,2,5,100000,500000
33,23,3,2,200000,400000
34,24,1,1,50000,50000
35,24,2,3,100000,300000
36,25,1,4,50000,200000
37,26,1,1,50000,50000
38,26,2,1,100000,100000
39,26,3,4,200000,800000
40,27,1,2,50000,100000
41,27,2,2,100000,200000
42,27,3,3,200000,600000
43,28,1,3,50000,150000
44,28,2,2,100000,200000
45,28,3,3,200000,600000
46,29,1,4,50000,200000
47,30,1,4,50000,200000
48,30,2,3,100000,300000
49,31,1,4,50000,200000
50,31,2,5,100000,500000
51,32,1,1,50000,50000
52,32,2,4,100000,400000
53,33,1,2,50000,100000
54,33,2,2,100000,200000
55,33,3,2,200000,400000
56,34,1,3,50000,150000
57,34,2,2,100000,200000
58,34,3,1,200000,200000
59,35,1,1,50000,50000
60,35,2,3,100000,300000
61,37,1,2,50000,100000
62,37,2,3,100000,300000
63,37,3,4,200000,800000
64,38,1,2,50000,100000
65,38,2,2,100000,200000
66,38,3,1,200000,200000
67,39,1,2,50000,100000
68,39,2,4,100000,400000
69,41,1,3,50000,150000
70,41,2,4,100000,400000
71,41,3,5,200000,1000000
72,42,1,2,50000,100000
73,42,2,5,100000,500000
74,42,3,4,200000,800000
75,43,1,5,50000,250000
76,43,2,4,100000,400000
77,44,1,4,50000,200000
78,45,1,1,50000,50000
79,46,1,2,50000,100000
80,46,2,4,100000,400000
81,46,3,4,200000,800000
82,47,1,2,50000,100000
83,48,1,3,50000,150000
84,49,1,1,50000,50000
85,49,2,5,100000,500000
86,49,3,5,200000,1000000
87,53,1,3,50000,150000
88,54,1,5,50000,250000
89,54,2,5,100000,500000
90,55,1,5,50000,250000
91,55,2,1,100000,100000
92,55,3,4,200000,800000
93,56,1,1,50000,50000
94,56,2,3,100000,300000
95,56,3,2,200000,400000
96,58,1,5,50000,250000
97,58,2,1,100000,100000
98,59,1,3,50000,150000
99,59,2,5,100000,500000
100,60,1,4,50000,200000
101,62,1,3,50000,150000
102,62,2,4,100000,400000
103,62,3,2,200000,400000
104,64,1,1,50000,50000
105,66,1,4,50000,200000
106,66,2,3,100000,300000
107,67,1,3,50000,150000
108,67,2,4,100000,400000
109,68,1,3,50000,150000
110,68,2,5,100000,500000
111,68,3,4,200000,800000
112,73,1,4,50000,200000
113,73,2,1,100000,100000
114,74,1,3,50000,150000
115,74,2,4,100000,400000
116,74,3,3,200000,600000
117,78,1,5,50000,250000
118,78,2,4,100000,400000
119,78,3,5,200000,1000000
120,80,1,5,50000,250000
121,80,2,1,100000,100000
122,80,3,5,200000,1000000
123,81,1,3,50000,150000
124,81,2,4,100000,400000
125,81,3,3,200000,600000
126,82,1,1,50000,50000
127,84,1,4,50000,200000
128,84,2,2,100000,200000
129,84,3,2,200000,400000
130,85,1,1,50000,50000
131,85,2,5,100000,500000
132,86,1,4,50000,200000
133,86,2,3,100000,300000
134,86,3,5,200000,1000000
135,87,1,4,50000,200000
136,88,1,2,50000,100000
137,88,2,3,100000,300000
138,90,1,4,50000,200000
139,91,1,1,50000,50000
140,94,1,1,50000,50000
141,94,2,1,100000,100000
142,95,1,4,50000,200000
143,95,2,4,100000,400000
144,95,3,2,200000,400000
145,96,1,4,50000,200000
146,96,2,4,100000,400000
147,97,1,1,50000,50000
148,97,2,1,100000,100000
149,99,1,1,50000,50000
150,99,2,3,100000,300000
151,99,3,5,200000,1000000
152,100,1,1,50000,50000
153,101,1,4,50000,200000
154,102,1,1,50000,50000
155,104,1,5,50000,250000
156,106,1,5,50000,250000
157,106,2,1,100000,100000
158,108,1,4,50000,200000
159,108,2,4,100000,400000
160,110,1,4,50000,200000
161,110,2,5,100000,500000
162,112,1,1,50000,50000
163,112,2,3,100000,300000
164,113,1,3,50000,150000
165,113,2,3,100000,300000
166,113,3,1,200000,200000
167,114,1,3,50000,150000
168,114,2,1,100000,100000
169,115,1,2,50000,100000
170,116,1,4,50000,200000
171,116,2,1,100000,100000
172,118,1,3,50000,150000
173,119,1,2,50000,100000
174,119,2,4,100000,400000
175,120,1,5,50000,250000
176,120,2,2,100000,200000
177,121,1,4,50000,200000
178,121,2,2,100000,200000
179,122,1,2,50000,100000
180,123,1,4,50000,200000
181,123,2,2,100000,200000
182,124,1,4,50000,200000
183,124,2,4,100000,400000
184,127,1,1,50000,50000
185,127,2,1,100000,100000
186,127,3,2,200000,400000
187,129,1,4,50000,200000
188,131,1,1,50000,50000
189,131,2,4,100000,400000
190,131,3,3,200000,600000
191,132,1,4,50000,200000
192,132,2,3,100000,300000
193,132,3,1,200000,200000
194,133,1,3,50000,150000
195,136,1,3,50000,150000
196,136,2,4,100000,400000
197,136,3,4,200000,800000
198,137,1,1,50000,50000
199,137,2,3,100000,300000
200,138,1,2,50000,100000
201,138,2,5,100000,500000
202,139,1,4,50000,200000
203,141,1,2,50000,100000
204,141,2,2,100000,200000
205,143,1,1,50000,50000
206,143,2,3,100000,300000
207,143,3,5,200000,1000000
208,144,1,5,50000,250000
209,144,2,4,100000,400000
210,146,1,4,50000,200000
211,146,2,4,100000,400000
212,146,3,3,200000,600000
213,148,1,2,50000,100000
214,149,1,1,50000,50000
215,149,2,1,100000,100000
216,150,1,3,50000,150000
217,152,1,4,50000,200000
218,152,2,4,100000,400000
219,154,1,2,50000,100000
220,154,2,3,100000,300000
221,154,3,1,200000,200000
222,156,1,3,50000,150000
223,158,1,1,50000,50000
224,158,2,4,100000,400000
225,158,3,1,200000,200000
226,159,1,1,50000,50000
227,159,2,3,100000,300000
228,159,3,5,200000,1000000
229,160,1,5,50000,250000
230,161,1,2,50000,100000
231,163,1,1,50000,50000
232,164,1,1,50000,50000
233,165,1,1,50000,50000
234,165,2,4,100000,400000
235,166,1,1,50000,50000
236,167,1,1,50000,50000
237,167,2,2,100000,200000
238,167,3,5,200000,1000000
239,168,1,3,50000,150000
240,168,2,5,100000,500000
241,169,1,4,50000,200000
242,172,1,5,50000,250000
243,172,2,1,100000,100000
244,172,3,4,200000,800000
245,173,1,5,50000,250000
246,173,2,5,100000,500000
247,173,3,2,200000,400000
248,174,1,2,50000,100000
249,174,2,2,100000,200000
250,175,1,3,50000,150000
251,175,2,4,100000,400000
252,176,1,5,50000,250000
253,176,2,3,100000,300000
254,177,1,1,50000,50000
255,177,2,3,100000,300000
256,178,1,4,50000,200000
257,178,2,1,100000,100000
258,179,1,2,50000,100000
259,179,2,3,100000,300000
260,179,3,4,200000,800000
261,181,1,2,50000,100000
262,181,2,5,100000,500000
263,181,3,5,200000,1000000
264,182,1,5,50000,250000
265,183,1,4,50000,200000
266,184,1,2,50000,100000
267,185,1,1,50000,50000
268,186,1,1,50000,50000
269,186,2,3,100000,300000
270,187,1,4,50000,200000
271,189,1,1,50000,50000
272,191,1,5,50000,250000
273,191,2,5,100000,500000
274,191,3,1,200000,200000
275,192,1,4,50000,200000
276,192,2,1,100000,100000
277,192,3,1,200000,200000
278,193,1,5,50000,250000
279,195,1,1,50000,50000
280,196,1,2,50000,100000
281,196,2,4,100000,400000
282,198,1,2,50000,100000
283,198,2,2,100000,200000
284,198,3,1,200000,200000
285,199,1,4,50000,200000
286,200,1,1,50000,50000
287,200,2,2,100000,200000
288,201,1,4,50000,200000
289,201,2,3,100000,300000
290,201,3,3,200000,600000
291,202,1,5,50000,250000
292,203,1,4,50000,200000
293,204,1,2,50000,100000
294,206,1,3,50000,150000
295,207,1,5,50000,250000
296,208,1,4,50000,200000
297,208,2,2,100000,200000
298,209,1,5,50000,250000
299,209,2,2,100000,200000
300,210,1,3,50000,150000
301,211,1,3,50000,150000
302,212,1,1,50000,50000
303,213,1,1,50000,50000
304,214,1,1,50000,50000
305,214,2,3,100000,300000
306,214,3,1,200000,200000
307,215,1,4,50000,200000
308,215,2,1,100000,100000
309,216,1,1,50000,50000
310,216,2,1,100000,100000
311,216,3,3,200000,600000
312,217,1,3,50000,150000
313,217,2,2,100000,200000
314,219,1,2,50000,100000
315,219,2,5,100000,500000
316,220,1,2,50000,100000
317,220,2,2,100000,200000
318,222,1,2,50000,100000
319,223,1,4,50000,200000
320,223,2,3,100000,300000
321,225,1,2,50000,100000
322,225,2,1,100000,100000
323,226,1,3,50000,150000
324,227,1,3,50000,150000
325,228,1,4,50000,200000
326,230,1,4,50000,200000
327,230,2,4,100000,400000
328,231,1,4,50000,200000
329,232,1,1,50000,50000
330,232,2,1,100000,100000
331,232,3,1,200000,200000
332,233,1,5,50000,250000
333,233,2,4,100000,400000
334,235,1,1,50000,50000
335,236,1,5,50000,250000
336,236,2,1,100000,100000
337,236,3,1,200000,200000
338,237,1,5,50000,250000
339,237,2,4,100000,400000
340,238,1,4,50000,200000
341,240,1,5,50000,250000
342,242,1,4,50000,200000
343,242,2,4,100000,400000
344,243,1,3,50000,150000
345,243,2,4,100000,400000
346,245,1,1,50000,50000
347,245,2,5,100000,500000
348,245,3,1,200000,200000
349,246,1,3,50000,150000
350,246,2,5,100000,500000
351,248,1,4,50000,200000
352,248,2,1,100000,100000
353,249,1,5,50000,250000
354,249,2,2,100000,200000
355,249,3,1,200000,200000
356,250,1,5,50000,250000
357,250,2,3,100000,300000
358,251,1,1,50000,50000
359,251,2,5,100000,500000
360,251,3,2,200000,400000
361,253,1,2,50000,100000
362,254,1,3,50000,150000
363,254,2,5,100000,500000
364,254,3,4,200000,800000
365,255,1,4,50000,200000
366,255,2,2,100000,200000
367,255,3,5,200000,1000000
368,257,1,1,50000,50000
369,257,2,3,100000,300000
370,257,3,3,200000,600000
371,259,1,2,50000,100000
372,259,2,5,100000,500000
373,260,1,2,50000,100000
374,262,1,4,50000,200000
375,262,2,3,100000,300000
376,262,3,5,200000,1000000
377,263,1,4,50000,200000
378,263,2,1,100000,100000
379,264,1,5,50000,250000
380,264,2,1,100000,100000
381,265,1,2,50000,100000
382,265,2,2,100000,200000
383,267,1,2,50000,100000
384,269,1,2,50000,100000
385,269,2,3,100000,300000
386,273,1,2,50000,100000
387,273,2,2,100000,200000
388,273,3,4,200000,800000
389,274,1,3,50000,150000
390,274,2,3,100000,300000
391,274,3,1,200000,200000
392,276,1,2,50000,100000
393,276,2,2,100000,200000
394,276,3,1,200000,200000
395,277,1,1,50000,50000
396,278,1,5,50000,250000
397,278,2,1,100000,100000
398,278,3,2,200000,400000
399,279,1,4,50000,200000
400,280,1,2,50000,100000
401,280,2,4,100000,400000
402,281,1,4,50000,200000
403,281,2,5,100000,500000
404,281,3,4,200000,800000
405,282,1,4,50000,200000
406,282,2,3,100000,300000
407,282,3,3,200000,600000
408,283,1,5,50000,250000
409,283,2,1,100000,100000
410,283,3,4,200000,800000
411,284,1,2,50000,100000
412,284,2,3,100000,300000
413,284,3,1,200000,200000
414,285,1,4,50000,200000
415,285,2,4,100000,400000
416,285,3,3,200000,600000
417,286,1,2,50000,100000
418,286,2,4,100000,400000
419,286,3,5,200000,1000000
420,287,1,3,50000,150000
421,287,2,2,100000,200000
422,288,1,2,50000,100000
423,288,2,3,100000,300000
424,288,3,1,200000,200000
425,289,1,2,50000,100000
426,289,2,5,100000,500000
427,289,3,4,200000,800000
428,290,1,3,50000,150000
429,290,2,5,100000,500000
430,290,3,3,200000,600000
431,291,1,1,50000,50000
432,292,1,4,50000,200000
433,293,1,1,50000,50000
434,295,1,5,50000,250000
435,295,2,3,100000,300000
436,295,3,3,200000,600000
437,296,1,1,50000,50000
438,297,1,3,50000,150000
439,297,2,5,100000,500000
440,297,3,5,200000,1000000
441,298,1,1,50000,50000
442,298,2,5,100000,500000
443,300,1,3,50000,150000
444,301,1,4,50000,200000
445,302,1,3,50000,150000
446,302,2,5,100000,500000
447,302,3,4,200000,800000
448,304,1,2,50000,100000
449,304,2,1,100000,100000
450,304,3,1,200000,200000
451,306,1,1,50000,50000
452,306,2,5,100000,500000
453,306,3,3,200000,600000
454,307,1,3,50000,150000
455,307,2,3,100000,300000
456,307,3,5,200000,1000000
457,308,1,1,50000,50000
458,308,2,5,100000,500000
459,310,1,1,50000,50000
460,310,2,3,100000,300000
461,310,3,5,200000,1000000
462,311,1,4,50000,200000
463,311,2,4,100000,400000
464,312,1,4,50000,200000
465,312,2,2,100000,200000
466,313,1,4,50000,200000
467,313,2,4,100000,400000
468,315,1,2,50000,100000
469,316,1,5,50000,250000
470,317,1,3,50000,150000
471,317,2,5,100000,500000
472,319,1,1,50000,50000
473,320,1,4,50000,200000
474,320,2,2,100000,200000
475,320,3,1,200000,200000
476,321,1,5,50000,250000
477,322,1,1,50000,50000
478,322,2,1,100000,100000
479,324,1,1,50000,50000
480,325,1,1,50000,50000
481,325,2,2,100000,200000
482,326,1,2,50000,100000
483,326,2,3,100000,300000
484,327,1,4,50000,200000
485,327,2,4,100000,400000
486,327,3,5,200000,1000000
487,332,1,2,50000,100000
488,333,1,2,50000,100000
489,335,1,2,50000,100000
490,335,2,3,100000,300000
491,335,3,2,200000,400000
492,336,1,2,50000,100000
493,337,1,2,50000,100000
494,337,2,2,100000,200000
495,338,1,1,50000,50000
496,338,2,4,100000,400000
497,338,3,1,200000,200000
498,339,1,1,50000,50000
499,340,1,3,50000,150000
500,340,2,3,100000,300000
501,340,3,3,200000,600000
502,341,1,3,50000,150000
503,343,1,5,50000,250000
504,344,1,3,50000,150000
505,344,2,2,100000,200000
506,344,3,3,200000,600000
507,346,1,2,50000,100000
508,347,1,4,50000,200000
509,349,1,4,50000,200000
510,349,2,5,100000,500000
511,349,3,5,200000,1000000
512,350,1,3,50000,150000
513,350,2,3,100000,300000
514,351,1,4,50000,200000
515,351,2,4,100000,400000
516,352,1,4,50000,200000
517,352,2,1,100000,100000
518,353,1,1,50000,50000
519,353,2,5,100000,500000
520,354,1,5,50000,250000
521,355,1,2,50000,100000
522,355,2,3,100000,300000
523,355,3,1,200000,200000
524,356,1,4,50000,200000
525,356,2,1,100000,100000
526,356,3,1,200000,200000
527,359,1,5,50000,250000
528,361,1,5,50000,250000
529,361,2,5,100000,500000
530,361,3,3,200000,600000
531,362,1,4,50000,200000
532,362,2,3,100000,300000
533,362,3,5,200000,1000000
534,363,1,2,50000,100000
535,364,1,5,50000,250000
536,364,2,3,100000,300000
537,366,1,5,50000,250000
538,366,2,1,100000,100000
539,367,1,5,50000,250000
540,367,2,3,100000,300000
541,367,3,4,200000,800000
542,368,1,5,50000,250000
543,368,2,4,100000,400000
544,369,1,4,50000,200000
545,369,2,2,100000,200000
546,370,1,1,50000,50000
547,370,2,3,100000,300000
548,371,1,5,50000,250000
549,371,2,2,100000,200000
550,372,1,1,50000,50000
551,372,2,5,100000,500000
552,372,3,1,200000,200000
553,373,1,2,50000,100000
554,374,1,4,50000,200000
555,374,2,1,100000,100000
556,374,3,5,200000,1000000
557,375,1,4,50000,200000
558,376,1,2,50000,100000
559,376,2,4,100000,400000
560,377,1,5,50000,250000
561,377,2,4,100000,400000
562,378,1,2,50000,100000
563,378,2,5,100000,500000
564,380,1,3,50000,150000
565,380,2,3,100000,300000
566,381,1,2,50000,100000
567,381,2,4,100000,400000
568,385,1,5,50000,250000
569,385,2,5,100000,500000
570,385,3,5,200000,1000000
571,386,1,2,50000,100000
572,386,2,4,100000,400000
573,386,3,3,200000,600000
574,388,1,2,50000,100000
575,390,1,3,50000,150000
576,390,2,1,100000,100000
577,390,3,2,200000,400000
578,391,1,2,50000,100000
579,393,1,3,50000,150000
580,394,1,1,50000,50000
581,394,2,3,100000,300000
582,396,1,4,50000,200000
583,396,2,1,100000,100000
584,397,1,4,50000,200000
585,398,1,5,50000,250000
586,400,1,5,50000,250000
587,401,1,4,50000,200000
588,401,2,4,100000,400000
589,401,3,3,200000,600000
590,402,1,5,50000,250000
591,402,2,4,100000,400000
592,403,1,2,50000,100000
593,403,2,2,100000,200000
594,403,3,4,200000,800000
595,404,1,4,50000,200000
596,404,2,1,100000,100000
597,408,1,1,50000,50000
598,408,2,3,100000,300000
599,408,3,4,200000,800000
600,409,1,1,50000,50000
601,409,2,4,100000,400000
602,409,3,3,200000,600000
603,410,1,2,50000,100000
604,411,1,4,50000,200000
605,412,1,2,50000,100000
606,412,2,4,100000,400000
607,414,1,5,50000,250000
608,414,2,4,100000,400000
609,414,3,3,200000,600000
610,415,1,4,50000,200000
611,415,2,2,100000,200000
612,415,3,1,200000,200000
613,416,1,3,50000,150000
614,416,2,4,100000,400000
615,416,3,3,200000,600000
616,418,1,5,50000,250000
617,419,1,4,50000,200000
618,419,2,1,100000,100000
619,420,1,1,50000,50000
620,420,2,3,100000,300000
621,423,1,4,50000,200000
622,424,1,4,50000,200000
623,425,1,2,50000,100000
624,425,2,5,100000,500000
625,426,1,2,50000,100000
626,426,2,2,100000,200000
627,427,1,4,50000,200000
628,427,2,4,100000,400000
629,428,1,1,50000,50000
630,428,2,4,100000,400000
631,428,3,4,200000,800000
632,430,1,4,50000,200000
633,430,2,5,100000,500000
634,430,3,2,200000,400000
635,431,1,1,50000,50000
636,432,1,1,50000,50000
637,432,2,4,100000,400000
638,434,1,5,50000,250000
639,435,1,3,50000,150000
640,436,1,4,50000,200000
641,436,2,4,100000,400000
642,437,1,4,50000,200000
643,440,1,4,50000,200000
644,441,1,5,50000,250000
645,442,1,2,50000,100000
646,442,2,4,100000,400000
647,442,3,5,200000,1000000
648,443,1,4,50000,200000
649,443,2,3,100000,300000
650,443,3,3,200000,600000
651,444,1,5,50000,250000
652,444,2,4,100000,400000
653,444,3,3,200000,600000
654,445,1,2,50000,100000
655,445,2,1,100000,100000
656,446,1,5,50000,250000
657,447,1,1,50000,50000
658,447,2,4,100000,400000
659,447,3,1,200000,200000
660,448,1,4,50000,200000
661,448,2,4,100000,400000
662,449,1,2,50000,100000
663,449,2,4,100000,400000
664,449,3,4,200000,800000
665,450,1,5,50000,250000
666,450,2,3,100000,300000
667,450,3,1,200000,200000
668,451,1,4,50000,200000
669,451,2,5,100000,500000
670,452,1,4,50000,200000
671,452,2,2,100000,200000
672,453,1,5,50000,250000
673,454,1,3,50000,150000
674,454,2,4,100000,400000
675,455,1,2,50000,100000
676,455,2,2,100000,200000
677,455,3,2,200000,400000
678,456,1,3,50000,150000
679,456,2,1,100000,100000
680,457,1,4,50000,200000
681,457,2,5,100000,500000
682,457,3,5,200000,1000000
683,458,1,4,50000,200000
684,458,2,5,100000,500000
685,458,3,1,200000,200000
686,459,1,2,50000,100000
687,459,2,1,100000,100000
688,460,1,2,50000,100000
689,460,2,5,100000,500000
690,461,1,5,50000,250000
691,461,2,5,100000,500000
692,461,3,1,200000,200000
693,462,1,5,50000,250000
694,462,2,5,100000,500000
695,463,1,5,50000,250000
696,463,2,4,100000,400000
697,464,1,2,50000,100000
698,464,2,1,100000,100000
699,465,1,1,50000,50000
700,465,2,4,100000,400000
701,468,1,4,50000,200000
702,468,2,2,100000,200000
703,468,3,4,200000,800000
704,469,1,4,50000,200000
705,469,2,4,100000,400000
706,469,3,4,200000,800000
707,470,1,2,50000,100000
708,470,2,4,100000,400000
709,470,3,1,200000,200000
710,471,1,1,50000,50000
711,471,2,3,100000,300000
712,471,3,1,200000,200000
713,472,1,5,50000,250000
714,472,2,5,100000,500000
715,472,3,1,200000,200000
716,473,1,3,50000,150000
717,473,2,3,100000,300000
718,473,3,5,200000,1000000
719,474,1,2,50000,100000
720,474,2,5,100000,500000
721,474,3,3,200000,600000
722,475,1,1,50000,50000
723,475,2,5,100000,500000
724,476,1,2,50000,100000
725,476,2,5,100000,500000
726,476,3,4,200000,800000
727,477,1,1,50000,50000
728,477,2,4,100000,400000
729,478,1,3,50000,150000
730,479,1,1,50000,50000
731,479,2,1,100000,100000
732,480,1,2,50000,100000
733,480,2,4,100000,400000
734,482,1,2,50000,100000
735,482,2,3,100000,300000
736,482,3,3,200000,600000
737,483,1,3,50000,150000
738,485,1,2,50000,100000
739,485,2,2,100000,200000
740,485,3,1,200000,200000
741,486,1,4,50000,200000
742,486,2,1,100000,100000
743,486,3,3,200000,600000
744,488,1,2,50000,100000
745,488,2,1,100000,100000
746,488,3,2,200000,400000
747,491,1,4,50000,200000
748,491,2,3,100000,300000
749,492,1,2,50000,100000
750,492,2,4,100000,400000
751,492,3,1,200000,200000
752,494,1,2,50000,100000
753,494,2,1,100000,100000
754,494,3,1,200000,200000
755,495,1,5,50000,250000
756,497,1,3,50000,150000
757,498,1,2,50000,100000
758,498,2,2,100000,200000
759,498,3,3,200000,600000
760,499,1,5,50000,250000
761,500,1,3,50000,150000
762,500,2,2,100000,200000
763,501,1,4,50000,200000
764,501,2,3,100000,300000
765,502,1,4,50000,200000
766,502,2,4,100000,400000
767,502,3,3,200000,600000
768,503,1,1,50000,50000
769,503,2,1,100000,100000
770,503,3,1,200000,200000
771,504,1,4,50000,200000
772,504,2,5,100000,500000
773,505,1,3,50000,150000
774,505,2,5,100000,500000
775,505,3,4,200000,800000
776,506,1,5,50000,250000
777,507,1,2,50000,100000
778,507,2,2,100000,200000
779,508,1,4,50000,200000
780,508,2,4,100000,400000
781,508,3,3,200000,600000
782,509,1,1,50000,50000
783,509,2,5,100000,500000
784,511,1,4,50000,200000
785,511,2,2,100000,200000
786,511,3,5,200000,1000000
787,512,1,4,50000,200000
788,512,2,5,100000,500000
789,513,1,5,50000,250000
790,514,1,5,50000,250000
791,514,2,1,100000,100000
792,515,1,4,50000,200000
793,515,2,1,100000,100000
794,516,1,5,50000,250000
795,518,1,1,50000,50000
796,519,1,1,50000,50000
797,519,2,5,100000,500000
798,520,1,4,50000,200000
799,521,1,2,50000,100000
800,523,1,4,50000,200000
801,523,2,1,100000,100000
802,523,3,1,200000,200000
803,524,1,4,50000,200000
804,524,2,3,100000,300000
805,525,1,4,50000,200000
806,525,2,5,100000,500000
807,525,3,5,200000,1000000
808,526,1,4,50000,200000
809,526,2,3,100000,300000
810,526,3,4,200000,800000
811,527,1,5,50000,250000
812,527,2,1,100000,100000
813,528,1,3,50000,150000
814,531,1,3,50000,150000
815,531,2,4,100000,400000
816,532,1,4,50000,200000
817,532,2,1,100000,100000
818,533,1,1,50000,50000
819,533,2,4,100000,400000
820,533,3,3,200000,600000
821,534,1,2,50000,100000
822,534,2,2,100000,200000
823,535,1,1,50000,50000
824,535,2,4,100000,400000
825,535,3,5,200000,1000000
826,536,1,3,50000,150000
827,538,1,1,50000,50000
828,538,2,2,100000,200000
829,538,3,1,200000,200000
830,540,1,5,50000,250000
831,540,2,5,100000,500000
832,540,3,3,200000,600000
833,542,1,1,50000,50000
834,543,1,1,50000,50000
835,543,2,4,100000,400000
836,544,1,5,50000,250000
837,544,2,3,100000,300000
838,544,3,2,200000,400000
839,546,1,4,50000,200000
840,546,2,4,100000,400000
841,547,1,3,50000,150000
842,547,2,1,100000,100000
843,547,3,2,200000,400000
844,548,1,3,50000,150000
845,549,1,5,50000,250000
846,550,1,4,50000,200000
847,551,1,3,50000,150000
848,551,2,5,100000,500000
849,551,3,4,200000,800000
850,552,1,5,50000,250000
851,553,1,1,50000,50000
852,553,2,5,100000,500000
853,554,1,2,50000,100000
854,554,2,4,100000,400000
855,554,3,5,200000,1000000
856,555,1,2,50000,100000
857,555,2,1,100000,100000
858,556,1,2,50000,100000
859,558,1,1,50000,50000
860,560,1,5,50000,250000
861,560,2,2,100000,200000
862,561,1,4,50000,200000
863,561,2,3,100000,300000
864,561,3,5,200000,1000000
865,562,1,2,50000,100000
866,562,2,5,100000,500000
867,563,1,3,50000,150000
868,564,1,2,50000,100000
869,564,2,3,100000,300000
870,564,3,5,200000,1000000
871,565,1,4,50000,200000
872,565,2,1,100000,100000
873,566,1,5,50000,250000
874,566,2,2,100000,200000
875,566,3,4,200000,800000
876,568,1,2,50000,100000
877,568,2,4,100000,400000
878,568,3,1,200000,200000
879,569,1,1,50000,50000
880,572,1,4,50000,200000
881,574,1,5,50000,250000
882,575,1,2,50000,100000
883,575,2,2,100000,200000
884,575,3,5,200000,1000000
885,576,1,2,50000,100000
886,578,1,5,50000,250000
887,578,2,2,100000,200000
888,579,1,2,50000,100000
889,579,2,1,100000,100000
890,580,1,3,50000,150000
891,581,1,2,50000,100000
892,581,2,1,100000,100000
893,582,1,4,50000,200000
894,582,2,5,100000,500000
895,583,1,5,50000,250000
896,583,2,5,100000,500000
897,585,1,5,50000,250000
898,585,2,3,100000,300000
899,585,3,4,200000,800000
900,586,1,1,50000,50000
901,588,1,3,50000,150000
902,588,2,3,100000,300000
903,590,1,3,50000,150000
904,592,1,5,50000,250000
905,593,1,2,50000,100000
906,594,1,4,50000,200000
907,594,2,1,100000,100000
908,596,1,1,50000,50000
909,596,2,3,100000,300000
910,596,3,1,200000,200000
911,597,1,1,50000,50000
912,597,2,5,100000,500000
913,599,1,2,50000,100000
914,599,2,1,100000,100000
915,599,3,2,200000,400000
916,600,1,3,50000,150000
917,600,2,3,100000,300000
918,600,3,1,200000,200000
919,601,1,2,50000,100000
920,602,1,3,50000,150000
921,604,1,2,50000,100000
922,605,1,4,50000,200000
923,605,2,5,100000,500000
924,605,3,4,200000,800000
925,606,1,4,50000,200000
926,606,2,1,100000,100000
927,607,1,2,50000,100000
928,607,2,1,100000,100000
929,609,1,4,50000,200000
930,609,2,1,100000,100000
931,610,1,5,50000,250000
932,611,1,2,50000,100000
933,611,2,3,100000,300000
934,612,1,3,50000,150000
935,612,2,5,100000,500000
936,613,1,4,50000,200000
937,613,2,1,100000,100000
938,614,1,2,50000,100000
939,614,2,2,100000,200000
940,615,1,3,50000,150000
941,615,2,2,100000,200000
942,615,3,2,200000,400000
943,616,1,3,50000,150000
944,616,2,2,100000,200000
945,616,3,3,200000,600000
946,617,1,4,50000,200000
947,618,1,3,50000,150000
948,618,2,1,100000,100000
949,620,1,1,50000,50000
950,620,2,3,100000,300000
951,621,1,5,50000,250000
952,621,2,3,100000,300000
953,622,1,2,50000,100000
954,622,2,1,100000,100000
955,622,3,2,200000,400000
956,623,1,4,50000,200000
957,623,2,3,100000,300000
958,623,3,1,200000,200000
959,624,1,1,50000,50000
960,624,2,4,100000,400000
961,627,1,3,50000,150000
962,627,2,3,100000,300000
963,628,1,3,50000,150000
964,629,1,2,50000,100000
965,629,2,2,100000,200000
966,632,1,2,50000,100000
967,632,2,5,100000,500000
968,632,3,3,200000,600000
969,633,1,1,50000,50000
970,633,2,3,100000,300000
971,633,3,5,200000,1000000
972,634,1,1,50000,50000
973,635,1,4,50000,200000
974,637,1,4,50000,200000
975,637,2,5,100000,500000
976,639,1,2,50000,100000
977,639,2,1,100000,100000
978,639,3,5,200000,1000000
979,640,1,3,50000,150000
980,642,1,3,50000,150000
981,642,2,5,100000,500000
982,642,3,3,200000,600000
983,643,1,1,50000,50000
984,643,2,1,100000,100000
985,644,1,1,50000,50000
986,644,2,2,100000,200000
987,645,1,4,50000,200000
988,649,1,1,50000,50000
989,650,1,5,50000,250000
990,650,2,1,100000,100000
991,650,3,3,200000,600000
992,652,1,4,50000,200000
993,652,2,3,100000,300000
994,653,1,2,50000,100000
995,653,2,1,100000,100000
996,656,1,4,50000,200000
997,656,2,3,100000,300000
998,656,3,3,200000,600000
999,658,1,1,50000,50000
1000,658,2,1,100000,100000
1001,658,3,1,200000,200000
1002,660,1,5,50000,250000
1003,661,1,5,50000,250000
1004,662,1,3,50000,150000
1005,662,2,4,100000,400000
1006,662,3,2,200000,400000
1007,663,1,3,50000,150000
1008,663,2,3,100000,300000
1009,665,1,4,50000,200000
1010,665,2,1,100000,100000
1011,667,1,1,50000,50000
1012,668,1,5,50000,250000
1013,668,2,5,100000,500000
1014,670,1,2,50000,100000
1015,670,2,3,100000,300000
1016,670,3,4,200000,800000
1017,672,1,2,50000,100000
1018,672,2,3,100000,300000
1019,672,3,3,200000,600000
1020,674,1,3,50000,150000
1021,674,2,3,100000,300000
1022,676,1,3,50000,150000
1023,676,2,3,100000,300000
1024,676,3,5,200000,1000000
1025,677,1,1,50000,50000
1026,677,2,1,100000,100000
1027,677,3,3,200000,600000
1028,678,1,4,50000,200000
1029,678,2,1,100000,100000
1030,679,1,2,50000,100000
1031,679,2,2,100000,200000
1032,680,1,1,50000,50000
1033,680,2,2,100000,200000
1034,680,3,2,200000,400000
1035,681,1,5,50000,250000
1036,681,2,1,100000,100000
1037,682,1,3,50000,150000
1038,682,2,4,100000,400000
1039,682,3,4,200000,800000
1040,683,1,4,50000,200000
1041,683,2,5,100000,500000
1042,684,1,1,50000,50000
1043,684,2,5,100000,500000
1044,685,1,4,50000,200000
1045,685,2,3,100000,300000
1046,685,3,5,200000,1000000
1047,686,1,2,50000,100000
1048,687,1,2,50000,100000
1049,687,2,5,100000,500000
1050,689,1,3,50000,150000
1051,689,2,2,100000,200000
1052,689,3,2,200000,400000
1053,690,1,1,50000,50000
1054,691,1,4,50000,200000
1055,692,1,3,50000,150000
1056,692,2,1,100000,100000
1057,693,1,4,50000,200000
1058,694,1,3,50000,150000
1059,696,1,5,50000,250000
1060,696,2,2,100000,200000
1061,696,3,2,200000,400000
1062,697,1,4,50000,200000
1063,697,2,1,100000,100000
1064,698,1,3,50000,150000
1065,698,2,5,100000,500000
1066,698,3,1,200000,200000
1067,700,1,4,50000,200000
1068,702,1,4,50000,200000
1069,702,2,5,100000,500000
1070,702,3,3,200000,600000
1071,704,1,1,50000,50000
1072,705,1,4,50000,200000
1073,708,1,4,50000,200000
1074,709,1,2,50000,100000
1075,710,1,2,50000,100000
1076,711,1,1,50000,50000
1077,711,2,3,100000,300000
1078,711,3,1,200000,200000
1079,713,1,5,50000,250000
1080,714,1,3,50000,150000
1081,715,1,4,50000,200000
1082,715,2,2,100000,200000
1083,715,3,4,200000,800000
1084,716,1,4,50000,200000
1085,717,1,2,50000,100000
1086,719,1,5,50000,250000
1087,720,1,3,50000,150000
1088,720,2,1,100000,100000
1089,720,3,2,200000,400000
1090,721,1,5,50000,250000
1091,722,1,1,50000,50000
1092,723,1,2,50000,100000
1093,723,2,5,100000,500000
1094,723,3,3,200000,600000
1095,724,1,3,50000,150000
1096,724,2,1,100000,100000
1097,724,3,2,200000,400000
1098,725,1,1,50000,50000
1099,725,2,2,100000,200000
1100,725,3,1,200000,200000
1101,726,1,5,50000,250000
1102,727,1,3,50000,150000
1103,727,2,4,100000,400000
1104,728,1,5,50000,250000
1105,729,1,3,50000,150000
1106,729,2,3,100000,300000
1107,731,1,3,50000,150000
1108,731,2,5,100000,500000
1109,731,3,3,200000,600000
1110,733,1,2,50000,100000
1111,733,2,1,100000,100000
1112,734,1,1,50000,50000
1113,735,1,4,50000,200000
1114,735,2,2,100000,200000
1115,735,3,4,200000,800000
1116,736,1,3,50000,150000
1117,736,2,4,100000,400000
1118,736,3,5,200000,1000000
1119,739,1,3,50000,150000
1120,739,2,3,100000,300000
1121,739,3,2,200000,400000
1122,740,1,4,50000,200000
1123,740,2,4,100000,400000
1124,741,1,3,50000,150000
1125,742,1,4,50000,200000
1126,742,2,3,100000,300000
1127,743,1,1,50000,50000
1128,744,1,5,50000,250000
1129,746,1,5,50000,250000
1130,746,2,3,100000,300000
1131,747,1,4,50000,200000
1132,747,2,4,100000,400000
1133,747,3,4,200000,800000
1134,748,1,3,50000,150000
1135,748,2,1,100000,100000
1136,748,3,5,200000,1000000
1137,749,1,2,50000,100000
1138,749,2,2,100000,200000
1139,750,1,3,50000,150000
1140,750,2,4,100000,400000
1141,750,3,4,200000,800000
1142,751,1,3,50000,150000
1143,751,2,2,100000,200000
1144,751,3,1,200000,200000
1145,752,1,2,50000,100000
1146,752,2,1,100000,100000
1147,752,3,5,200000,1000000
1148,753,1,5,50000,250000
1149,756,1,4,50000,200000
1150,756,2,3,100000,300000
1151,758,1,1,50000,50000
1152,760,1,4,50000,200000
1153,760,2,3,100000,300000
1154,761,1,3,50000,150000
1155,762,1,4,50000,200000
1156,763,1,1,50000,50000
1157,763,2,5,100000,500000
1158,764,1,4,50000,200000
1159,766,1,4,50000,200000
1160,766,2,3,100000,300000
1161,766,3,1,200000,200000
1162,767,1,3,50000,150000
1163,767,2,2,100000,200000
1164,767,3,2,200000,400000
1165,768,1,5,50000,250000
1166,770,1,1,50000,50000
1167,770,2,3,100000,300000
1168,772,1,1,50000,50000
1169,772,2,5,100000,500000
1170,774,1,2,50000,100000
1171,774,2,4,100000,400000
1172,776,1,3,50000,150000
1173,778,1,2,50000,100000
1174,778,2,4,100000,400000
1175,778,3,4,200000,800000
1176,779,1,2,50000,100000
1177,779,2,5,100000,500000
1178,779,3,5,200000,1000000
1179,780,1,5,50000,250000
1180,781,1,1,50000,50000
1181,782,1,3,50000,150000
1182,782,2,2,100000,200000
1183,782,3,5,200000,1000000
1184,783,1,2,50000,100000
1185,783,2,4,100000,400000
1186,784,1,1,50000,50000
1187,784,2,3,100000,300000
1188,784,3,3,200000,600000
1189,785,1,3,50000,150000
1190,786,1,1,50000,50000
1191,786,2,4,100000,400000
1192,786,3,2,200000,400000
1193,787,1,3,50000,150000
1194,787,2,3,100000,300000
1195,788,1,4,50000,200000
1196,789,1,2,50000,100000
1197,789,2,1,100000,100000
1198,790,1,1,50000,50000
1199,790,2,2,100000,200000
1200,794,1,3,50000,150000
1201,794,2,3,100000,300000
1202,795,1,2,50000,100000
1203,795,2,5,100000,500000
1204,796,1,3,50000,150000
1205,796,2,5,100000,500000
1206,797,1,2,50000,100000
1207,797,2,3,100000,300000
1208,798,1,2,50000,100000
1209,799,1,3,50000,150000
1210,800,1,2,50000,100000
1211,801,1,2,50000,100000
1212,801,2,3,100000,300000
1213,803,1,3,50000,150000
1214,804,1,2,50000,100000
1215,805,1,3,50000,150000
1216,805,2,2,100000,200000
1217,805,3,1,200000,200000
1218,806,1,4,50000,200000
1219,808,1,5,50000,250000
1220,808,2,2,100000,200000
1221,810,1,1,50000,50000
1222,810,2,5,100000,500000
1223,811,1,3,50000,150000
1224,811,2,2,100000,200000
1225,812,1,2,50000,100000
1226,812,2,4,100000,400000
1227,813,1,4,50000,200000
1228,814,1,1,50000,50000
1229,814,2,4,100000,400000
1230,814,3,1,200000,200000
1231,815,1,3,50000,150000
1232,816,1,1,50000,50000
1233,816,2,2,100000,200000
1234,816,3,1,200000,200000
1235,817,1,3,50000,150000
1236,817,2,2,100000,200000
1237,817,3,1,200000,200000
1238,818,1,4,50000,200000
1239,818,2,5,100000,500000
1240,819,1,2,50000,100000
1241,819,2,2,100000,200000
1242,819,3,5,200000,1000000
1243,820,1,4,50000,200000
1244,821,1,1,50000,50000
1245,821,2,3,100000,300000
1246,821,3,5,200000,1000000
1247,822,1,3,50000,150000
1248,822,2,1,100000,100000
1249,822,3,5,200000,1000000
1250,824,1,1,50000,50000
1251,824,2,4,100000,400000
1252,825,1,1,50000,50000
1253,827,1,3,50000,150000
1254,828,1,4,50000,200000
1255,828,2,4,100000,400000
1256,830,1,2,50000,100000
1257,832,1,3,50000,150000
1258,833,1,2,50000,100000
1259,833,2,1,100000,100000
1260,833,3,4,200000,800000
1261,834,1,3,50000,150000
1262,834,2,5,100000,500000
1263,834,3,5,200000,1000000
1264,835,1,5,50000,250000
1265,835,2,4,100000,400000
1266,835,3,1,200000,200000
1267,837,1,2,50000,100000
1268,837,2,3,100000,300000
1269,838,1,2,50000,100000
1270,839,1,2,50000,100000
1271,839,2,5,100000,500000
1272,841,1,4,50000,200000
1273,842,1,2,50000,100000
1274,842,2,1,100000,100000
1275,842,3,4,200000,800000
1276,843,1,3,50000,150000
1277,843,2,2,100000,200000
1278,844,1,5,50000,250000
1279,844,2,5,100000,500000
1280,844,3,1,200000,200000
1281,845,1,4,50000,200000
1282,845,2,4,100000,400000
1283,846,1,3,50000,150000
1284,846,2,1,100000,100000
1285,848,1,3,50000,150000
1286,850,1,2,50000,100000
1287,850,2,4,100000,400000
1288,850,3,5,200000,1000000
1289,851,1,2,50000,100000
1290,851,2,4,100000,400000
1291,851,3,3,200000,600000
1292,852,1,5,50000,250000
1293,852,2,3,100000,300000
1294,853,1,4,50000,200000
1295,853,2,3,100000,300000
1296,854,1,4,50000,200000
1297,855,1,5,50000,250000
1298,855,2,3,100000,300000
1299,856,1,3,50000,150000
1300,857,1,1,50000,50000
1301,857,2,5,100000,500000
1302,858,1,5,50000,250000
1303,858,2,1,100000,100000
1304,859,1,2,50000,100000
1305,859,2,2,100000,200000
1306,860,1,2,50000,100000
1307,860,2,3,100000,300000
1308,860,3,4,200000,800000
1309,861,1,3,50000,150000
1310,861,2,4,100000,400000
1311,861,3,5,200000,1000000
1312,862,1,2,50000,100000
1313,862,2,2,100000,200000
1314,862,3,2,200000,400000
1315,863,1,2,50000,100000
1316,863,2,5,100000,500000
1317,865,1,5,50000,250000
1318,865,2,5,100000,500000
1319,866,1,2,50000,100000
1320,866,2,1,100000,100000
1321,867,1,5,50000,250000
1322,867,2,4,100000,400000
1323,867,3,3,200000,600000
1324,868,1,2,50000,100000
1325,868,2,1,100000,100000
1326,868,3,4,200000,800000
1327,871,1,4,50000,200000
1328,871,2,4,100000,400000
1329,871,3,1,200000,200000
1330,872,1,5,50000,250000
1331,874,1,4,50000,200000
1332,875,1,3,50000,150000
1333,875,2,3,100000,300000
1334,879,1,4,50000,200000
1335,879,2,5,100000,500000
1336,879,3,3,200000,600000
1337,881,1,2,50000,100000
1338,881,2,3,100000,300000
1339,881,3,3,200000,600000
1340,882,1,3,50000,150000
1341,882,2,3,100000,300000
1342,883,1,2,50000,100000
1343,883,2,1,100000,100000
1344,884,1,3,50000,150000
1345,884,2,1,100000,100000
1346,884,3,4,200000,800000
1347,886,1,1,50000,50000
1348,886,2,2,100000,200000
1349,888,1,1,50000,50000
1350,891,1,4,50000,200000
1351,891,2,3,100000,300000
1352,891,3,5,200000,1000000
1353,892,1,4,50000,200000
1354,893,1,2,50000,100000
1355,894,1,2,50000,100000
1356,895,1,1,50000,50000
1357,896,1,4,50000,200000
1358,896,2,2,100000,200000
1359,896,3,5,200000,1000000
1360,897,1,5,50000,250000
1361,897,2,1,100000,100000
1362,897,3,4,200000,800000
1363,898,1,4,50000,200000
1364,898,2,4,100000,400000
1365,898,3,5,200000,1000000
1366,899,1,3,50000,150000
1367,899,2,4,100000,400000
1368,900,1,2,50000,100000
1369,900,2,3,100000,300000
1370,902,1,5,50000,250000
1371,903,1,3,50000,150000
1372,903,2,4,100000,400000
1373,904,1,5,50000,250000
1374,905,1,4,50000,200000
1375,905,2,5,100000,500000
1376,907,1,1,50000,50000
1377,910,1,3,50000,150000
1378,911,1,1,50000,50000
1379,911,2,3,100000,300000
1380,911,3,1,200000,200000
1381,912,1,1,50000,50000
1382,912,2,2,100000,200000
1383,912,3,2,200000,400000
1384,913,1,3,50000,150000
1385,913,2,3,100000,300000
1386,913,3,1,200000,200000
1387,915,1,5,50000,250000
1388,915,2,1,100000,100000
1389,915,3,1,200000,200000
1390,916,1,5,50000,250000
1391,917,1,2,50000,100000
1392,917,2,4,100000,400000
1393,917,3,3,200000,600000
1394,918,1,5,50000,250000
1395,918,2,4,100000,400000
1396,918,3,3,200000,600000
1397,919,1,2,50000,100000
1398,919,2,2,100000,200000
1399,919,3,3,200000,600000
1400,921,1,3,50000,150000
1401,921,2,5,100000,500000
1402,922,1,1,50000,50000
1403,922,2,4,100000,400000
1404,922,3,3,200000,600000
1405,923,1,2,50000,100000
1406,923,2,2,100000,200000
1407,923,3,2,200000,400000
1408,924,1,5,50000,250000
1409,925,1,5,50000,250000
1410,927,1,3,50000,150000
1411,927,2,1,100000,100000
1412,928,1,3,50000,150000
1413,928,2,4,100000,400000
1414,929,1,1,50000,50000
1415,930,1,4,50000,200000
1416,930,2,5,100000,500000
1417,931,1,3,50000,150000
1418,931,2,2,100000,200000
1419,933,1,4,50000,200000
1420,934,1,2,50000,100000
1421,934,2,5,100000,500000
1422,935,1,1,50000,50000
1423,935,2,3,100000,300000
1424,935,3,1,200000,200000
1425,936,1,4,50000,200000
1426,936,2,3,100000,300000
1427,937,1,5,50000,250000
1428,937,2,5,100000,500000
1429,937,3,1,200000,200000
1430,938,1,2,50000,100000
1431,941,1,3,50000,150000
1432,942,1,3,50000,150000
1433,942,2,5,100000,500000
1434,942,3,2,200000,400000
1435,943,1,3,50000,150000
1436,943,2,2,100000,200000
1437,943,3,2,200000,400000
1438,944,1,3,50000,150000
1439,945,1,5,50000,250000
1440,945,2,4,100000,400000
1441,946,1,1,50000,50000
1442,946,2,3,100000,300000
1443,947,1,3,50000,150000
1444,948,1,4,50000,200000
1445,948,2,1,100000,100000
1446,950,1,4,50000,200000
1447,951,1,1,50000,50000
1448,951,2,4,100000,400000
1449,951,3,1,200000,200000
1450,952,1,3,50000,150000
1451,952,2,3,100000,300000
1452,952,3,3,200000,600000
1453,953,1,1,50000,50000
1454,953,2,3,100000,300000
1455,953,3,1,200000,200000
1456,954,1,5,50000,250000
1457,955,1,4,50000,200000
1458,955,2,4,100000,400000
1459,955,3,3,200000,600000
1460,956,1,3,50000,150000
1461,956,2,4,100000,400000
1462,956,3,1,200000,200000
1463,957,1,3,50000,150000
1464,957,2,5,100000,500000
1465,957,3,1,200000,200000
1466,958,1,2,50000,100000
1467,959,1,4,50000,200000
1468,959,2,5,100000,500000
1469,960,1,5,50000,250000
1470,960,2,3,100000,300000
1471,960,3,3,200000,600000
1472,961,1,5,50000,250000
1473,961,2,5,100000,500000
1474,962,1,4,50000,200000
1475,962,2,3,100000,300000
1476,962,3,4,200000,800000
1477,964,1,2,50000,100000
1478,965,1,2,50000,100000
1479,965,2,2,100000,200000
1480,969,1,1,50000,50000
1481,970,1,3,50000,150000
1482,971,1,2,50000,100000
1483,972,1,4,50000,200000
1484,973,1,4,50000,200000
1485,973,2,2,100000,200000
1486,973,3,1,200000,200000
1487,975,1,5,50000,250000
1488,975,2,1,100000,100000
1489,975,3,5,200000,1000000
1490,976,1,1,50000,50000
1491,977,1,3,50000,150000
1492,977,2,3,100000,300000
1493,979,1,3,50000,150000
1494,980,1,4,50000,200000
1495,980,2,3,100000,300000
1496,981,1,3,50000,150000
1497,981,2,3,100000,300000
1498,981,3,4,200000,800000
1499,982,1,5,50000,250000
1500,982,2,1,100000,100000
1501,982,3,4,200000,800000
1502,983,1,5,50000,250000
1503,983,2,5,100000,500000
1504,983,3,2,200000,400000
1505,985,1,2,50000,100000
1506,985,2,5,100000,500000
1507,986,1,5,50000,250000
1508,986,2,4,100000,400000
1509,986,3,4,200000,800000
1510,987,1,4,50000,200000
1511,988,1,4,50000,200000
1512,990,1,1,50000,50000
1513,992,1,1,50000,50000
1514,992,2,5,100000,500000
1515,994,1,1,50000,50000
1516,995,1,4,50000,200000
1517,996,1,1,50000,50000
1518,996,2,4,100000,400000
1519,997,1,4,50000,200000
1520,997,2,5,100000,500000
1521,997,3,5,200000,1000000
1522,998,1,1,50000,50000
1523,998,2,1,100000,100000
